utcTimeMillis,TimeNanos,LeapSecond,TimeUncertaintyNanos,FullBiasNanos,BiasNanos,BiasUncertaintyNanos,DriftNanosPerSecond,DriftUncertaintyNanosPerSecond,HardwareClockDiscontinuityCount,Svid,TimeOffsetNanos,State,ReceivedSvTimeNanos,ReceivedSvTimeUncertaintyNanos,Cn0DbHz,PseudorangeRateMetersPerSecond,PseudorangeRateUncertaintyMetersPerSecond,AccumulatedDeltaRangeState,AccumulatedDeltaRangeMeters,AccumulatedDeltaRangeUncertaintyMeters,CarrierFrequencyHz,CarrierCycles,CarrierPhase,CarrierPhaseUncertainty,MultipathIndicator,SnrInDb,ConstellationType,AgcDb,BasebandCn0DbHz,FullInterSignalBiasNanos,FullInterSignalBiasUncertaintyNanos,SatelliteInterSignalBiasNanos,SatelliteInterSignalBiasUncertaintyNanos,CodeType,ChipsetElapsedRealtimeNanos
1717085135835,53422000000,18,33353073.878863223,-1401120300413000192,0.0,346.44791675906566,-1752.9771005279197,0.0,0,31,0.0,47,403553768479955,396,22.8439998626709,-542.2930178136047,0.14999,16,0.0,0.0,1575420030,,,,0,1.8935426315152892,1,6.0,22.8439998626709,0.0,0.0,0.0,66.7128,C,
1717085135835,53422000000,18,33353073.878863223,-1401120300413000192,0.0,346.44791675906566,-1752.9771005279197,0.0,0,10,0.0,47,403553760702291,487,20.26099967956543,-34.09834041138943,0.14999,16,0.0,0.0,1575420030,,,,0,0.0,1,6.0,20.26099967956543,0.0,0.0,0.0,66.7128,C,
1717085135835,53422000000,18,33353073.878863223,-1401120300413000192,0.0,346.44791675906566,-1752.9771005279197,0.0,0,26,0.0,47,403553762340632,797,17.413000106811523,-1045.839159006626,0.14999,16,0.0,0.0,1575420030,,,,0,0.0,1,6.0,17.413000106811523,0.0,0.0,0.0,66.7128,C,
1717085135835,53422000000,18,33353073.878863223,-1401120300413000192,0.0,346.44791675906566,-1752.9771005279197,0.0,0,4,0.0,17,540248,487,20.0,-464.09479290152404,0.14999,16,0.0,0.0,1605374980,,,,0,0.0,3,6.0,20.0,0.0,0.0,24.228518885363965,66.7128,C,
1717085135835,53422000000,18,33353073.878863223,-1401120300413000192,0.0,346.44791675906566,-1752.9771005279197,0.0,0,28,0.0,47,403553765179152,1797,13.699999809265137,-161.00561357220647,0.14999,16,0.0,0.0,1575420030,,,,0,0.0,1,6.0,13.699999809265137,0.0,0.0,0.0,66.7128,C,
1717085135835,53422000000,18,33353073.878863223,-1401120300413000192,0.0,346.44791675906566,-1752.9771005279197,0.0,0,32,0.0,47,403553759168691,797,16.76799964904785,-275.333109083615,0.14999,16,0.0,0.0,1575420030,,,,0,0.0,1,6.0,16.76799964904785,0.0,0.0,0.0,66.7128,C,
1717085136835,54422000000,18,33353073.878863223,-1401120300413000192,0.0,346.2764164815434,-1742.9798907641068,0.0,0,31,0.0,47,403554768481760,396,22.934999465942383,-539.3783561558042,0.14999,16,0.0,0.0,1575420030,,,,0,1.96759416177664,1,6.0,22.934999465942383,0.0,0.0,0.0,66.7128,C,
1717085136835,54422000000,18,33353073.878863223,-1401120300413000192,0.0,346.2764164815434,-1742.9798907641068,0.0,0,10,0.0,47,403554760702435,797,20.263999938964844,-31.090250878589494,0.14999,16,0.0,0.0,1575420030,,,,0,0.0,1,6.0,20.263999938964844,0.0,0.0,0.0,66.7128,C,
1717085136835,54422000000,18,33353073.878863223,-1401120300413000192,0.0,346.2764164815434,-1742.9798907641068,0.0,0,26,0.0,47,403554762344144,797,17.3799991607666,-1042.924357973577,0.14999,16,0.0,0.0,1575420030,,,,0,0.0,1,6.0,17.3799991607666,0.0,0.0,0.0,66.7128,C,
1717085136835,54422000000,18,33353073.878863223,-1401120300413000192,0.0,346.2764164815434,-1742.9798907641068,0.0,0,4,0.0,17,541780,487,20.0,-461.0735327478375,0.14999,16,0.0,0.0,1605374980,,,,0,0.0,3,6.0,20.0,0.0,0.0,24.228518885363965,66.7128,C,
1717085136835,54422000000,18,33353073.878863223,-1401120300413000192,0.0,346.2764164815434,-1742.9798907641068,0.0,0,32,0.0,47,403554759169628,487,13.600000381469727,-272.5644662279642,0.14999,16,0.0,0.0,1575420030,,,,0,0.0,1,6.0,13.600000381469727,0.0,0.0,0.0,66.7128,C,
1717085137835,55422000000,18,33353073.878863223,-1401120300413000192,0.0,344.87863450455677,-1731.8516242923015,0.0,0,31,0.0,47,403555768483555,316,25.444000244140625,-535.6194521586257,0.14999,16,0.0,0.0,1575420030,,,,0,5.6606096718636065,1,6.0,25.444000244140625,0.0,0.0,0.0,66.7128,C,
1717085137835,55422000000,18,33353073.878863223,-1401120300413000192,0.0,344.87863450455677,-1731.8516242923015,0.0,0,10,0.0,47,403555760702529,797,20.267000198364258,-27.11824212625331,0.14999,16,0.0,0.0,1575420030,,,,0,0.0,1,6.0,20.267000198364258,0.0,0.0,0.0,66.7128,C,
1717085137835,55422000000,18,33353073.878863223,-1401120300413000192,0.0,344.87863450455677,-1731.8516242923015,0.0,0,26,0.0,47,403555762347616,797,17.347999572753906,-1039.3687095473194,0.14999,16,0.0,0.0,1575420030,,,,0,0.0,1,6.0,17.347999572753906,0.0,0.0,0.0,66.7128,C,
1717085137835,55422000000,18,33353073.878863223,-1401120300413000192,0.0,344.87863450455677,-1731.8516242923015,0.0,0,4,0.0,17,543333,487,20.0,-456.4144421215089,0.14999,16,0.0,0.0,1605374980,,,,0,0.0,3,6.0,20.0,0.0,0.0,24.228518885363965,66.7128,C,
1717085137835,55422000000,18,33353073.878863223,-1401120300413000192,0.0,344.87863450455677,-1731.8516242923015,0.0,0,32,0.0,47,403555759170494,487,19.888999938964844,-269.78801835839,0.14999,16,0.0,0.0,1575420030,,,,0,0.0,1,6.0,19.888999938964844,0.0,0.0,0.0,66.7128,C,
1717085138835,56422000000,18,32910177.480181973,-1401120300413000192,0.0,343.84342330273864,-1712.5780638038027,0.0,0,31,0.0,47,403556768485335,396,25.520000457763672,-530.7254296781753,0.14999,16,0.0,0.0,1575420030,,,,0,5.775910784939391,1,6.0,25.520000457763672,0.0,0.0,0.0,66.7128,C,
1717085138835,56422000000,18,32910177.480181973,-1401120300413000192,0.0,343.84342330273864,-1712.5780638038027,0.0,0,10,0.0,47,403556760702608,797,20.268999099731445,-20.804032320662838,0.14999,16,0.0,0.0,1575420030,,,,0,0.0,1,6.0,20.268999099731445,0.0,0.0,0.0,66.7128,C,
1717085138835,56422000000,18,32910177.480181973,-1401120300413000192,0.0,343.84342330273864,-1712.5780638038027,0.0,0,26,0.0,47,403556762351085,1797,11.5,-1033.1376138483297,0.14999,16,0.0,0.0,1575420030,,,,0,0.0,1,6.0,11.5,0.0,0.0,0.0,66.7128,C,
1717085138835,56422000000,18,32910177.480181973,-1401120300413000192,0.0,343.84342330273864,-1712.5780638038027,0.0,0,4,0.0,17,544782,487,20.0,-450.6777498625291,0.14999,16,0.0,0.0,1605374980,,,,0,0.0,3,6.0,20.0,0.0,0.0,40.612144008603615,66.7128,C,
1717085138835,56422000000,18,32910177.480181973,-1401120300413000192,0.0,343.84342330273864,-1712.5780638038027,0.0,0,28,0.0,47,403556765180707,797,15.82800006866455,-148.7394766906353,0.14999,16,0.0,0.0,1575420030,,,,0,0.0,1,6.0,15.82800006866455,0.0,0.0,0.0,66.7128,C,
1717085138835,56422000000,18,32910177.480181973,-1401120300413000192,0.0,343.84342330273864,-1712.5780638038027,0.0,0,32,0.0,47,403556759171356,396,19.993999481201172,-263.824546365981,0.14999,16,0.0,0.0,1575420030,,,,0,0.5396697937118701,1,6.0,19.993999481201172,0.0,0.0,0.0,66.7128,C,
1717085139834,57422000000,18,32799804.456721857,-1401120300412000256,0.0,343.26061756664456,-1696.4118583759541,0.0,0,31,0.0,47,403557767487099,396,23.66200065612793,-524.3681529207576,0.14999,16,0.0,0.0,1575420030,,,,0,3.1165789925340484,1,6.0,23.66200065612793,0.0,0.0,0.0,66.7128,C,
1717085139834,57422000000,18,32799804.456721857,-1401120300412000256,0.0,343.26061756664456,-1696.4118583759541,0.0,0,10,0.0,47,403557759702687,797,15.82800006866455,-15.92524820072937,0.14999,16,0.0,0.0,1575420030,,,,0,0.0,1,6.0,15.82800006866455,0.0,0.0,0.0,66.7128,C,
1717085139834,57422000000,18,32799804.456721857,-1401120300412000256,0.0,343.26061756664456,-1696.4118583759541,0.0,0,26,0.0,47,403557761354524,1797,11.5,-1027.453333708138,0.14999,16,0.0,0.0,1575420030,,,,0,0.0,1,6.0,11.5,0.0,0.0,0.0,66.7128,C,
1717085139834,57422000000,18,32799804.456721857,-1401120300412000256,0.0,343.26061756664456,-1696.4118583759541,0.0,0,4,0.0,17,546290,396,22.0,-448.23860248789526,0.14999,16,0.0,0.0,1605374980,,,,0,2.9480201054263446,3,6.0,22.0,0.0,0.0,42.11855256205691,66.7128,C,
1717085139834,57422000000,18,32799804.456721857,-1401120300412000256,0.0,343.26061756664456,-1696.4118583759541,0.0,0,28,0.0,47,403557764181197,1797,15.82800006866455,-144.0566077118617,0.14999,16,0.0,0.0,1575420030,,,,0,0.0,1,6.0,15.82800006866455,0.0,0.0,0.0,66.7128,C,
1717085139834,57422000000,18,32799804.456721857,-1401120300412000256,0.0,343.26061756664456,-1696.4118583759541,0.0,0,32,0.0,47,403557758172268,396,20.11199951171875,-258.51441908074077,0.14999,16,0.0,0.0,1575420030,,,,0,1.1459080790886471,1,6.0,20.11199951171875,0.0,0.0,0.0,66.7128,C,
1717085140834,58422000000,18,32705972.876742616,-1401120300412000256,0.0,342.34725579779524,-1680.6070707526849,0.0,0,31,0.0,47,403558767488845,316,24.400999069213867,-519.7355054899075,0.14999,16,0.0,0.0,1575420030,,,,0,4.18846705115859,1,6.0,24.400999069213867,0.0,0.0,0.0,66.7128,C,
1717085140834,58422000000,18,32705972.876742616,-1401120300412000256,0.0,342.34725579779524,-1680.6070707526849,0.0,0,10,0.0,47,403558759702756,487,18.020000457763672,-11.49859738735686,0.14999,16,0.0,0.0,1575420030,,,,0,0.0,1,6.0,18.020000457763672,0.0,0.0,0.0,66.7128,C,
1717085140834,58422000000,18,32705972.876742616,-1401120300412000256,0.0,342.34725579779524,-1680.6070707526849,0.0,0,26,0.0,47,403558761357945,797,11.5,-1022.7954128988692,0.14999,16,0.0,0.0,1575420030,,,,0,0.0,1,6.0,11.5,0.0,0.0,0.0,66.7128,C,
1717085140834,58422000000,18,32705972.876742616,-1401120300412000256,0.0,342.34725579779524,-1680.6070707526849,0.0,0,4,0.0,17,547769,396,21.0,-440.96602243907125,0.14999,16,0.0,0.0,1605374980,,,,0,0.05928957927478029,3,6.0,21.0,0.0,0.0,42.28640355904737,66.7128,C,
1717085140834,58422000000,18,32705972.876742616,-1401120300412000256,0.0,342.34725579779524,-1680.6070707526849,0.0,0,28,0.0,47,403558764181671,1797,15.82800006866455,-139.14107498470568,0.14999,16,0.0,0.0,1575420030,,,,0,0.0,1,6.0,15.82800006866455,0.0,0.0,0.0,66.7128,C,
1717085140834,58422000000,18,32705972.876742616,-1401120300412000256,0.0,342.34725579779524,-1680.6070707526849,0.0,0,32,0.0,47,403558758173141,396,23.66200065612793,-254.03536317388279,0.14999,16,0.0,0.0,1575420030,,,,0,3.1165789925340484,1,6.0,23.66200065612793,0.0,0.0,0.0,66.7128,C,
1717085141832,59422000000,18,32650247.658998813,-1401120300410999808,0.0,341.60127158129256,-1667.979981487313,0.0,0,31,0.0,47,403559766490573,316,24.430999755859375,-516.3187677281197,0.14999,16,0.0,0.0,1575420030,,,,0,5.059963311123051,1,6.0,24.430999755859375,0.0,0.0,0.0,66.7128,C,
1717085141832,59422000000,18,32650247.658998813,-1401120300410999808,0.0,341.60127158129256,-1667.979981487313,0.0,0,10,0.0,47,403559758702774,487,19.05699920654297,-7.5072619338770945,0.14999,16,0.0,0.0,1575420030,,,,0,0.0,1,6.0,19.05699920654297,0.0,0.0,0.0,66.7128,C,
1717085141832,59422000000,18,32650247.658998813,-1401120300410999808,0.0,341.60127158129256,-1667.979981487313,0.0,0,4,0.0,17,549233,396,21.0,-437.7532322270513,0.14999,16,0.0,0.0,1605374980,,,,0,3.1158686065323375,3,6.0,21.0,0.0,0.0,42.28640355904737,66.7128,C,
1717085141832,59422000000,18,32650247.658998813,-1401120300410999808,0.0,341.60127158129256,-1667.979981487313,0.0,0,28,0.0,47,403559763182127,1797,12.0,-134.93403310476037,0.14999,16,0.0,0.0,1575420030,,,,0,0.0,1,6.0,12.0,0.0,0.0,0.0,66.7128,C,
1717085141832,59422000000,18,32650247.658998813,-1401120300410999808,0.0,341.60127158129256,-1667.979981487313,0.0,0,32,0.0,47,403559757173995,396,23.628000259399414,-250.25789903942822,0.14999,16,0.0,0.0,1575420030,,,,0,2.07081183814139,1,6.0,23.628000259399414,0.0,0.0,0.0,66.7128,C,
1717085142832,60422000000,18,32216794.45985262,-1401120300410999808,0.0,341.39790925488205,-1649.890489113094,0.0,0,31,0.0,47,403560766492282,316,24.222999572753906,-509.94337218837995,0.14999,16,0.0,0.0,1575420030,,,,0,3.90900413683893,1,6.0,24.222999572753906,0.0,0.0,0.0,66.7128,C,
1717085142832,60422000000,18,32216794.45985262,-1401120300410999808,0.0,341.39790925488205,-1649.890489113094,0.0,0,10,0.0,47,403560758702792,487,18.930999755859375,-1.987026461324723,0.14999,16,0.0,0.0,1575420030,,,,0,0.0,1,6.0,18.930999755859375,0.0,0.0,0.0,66.7128,C,
1717085142832,60422000000,18,32216794.45985262,-1401120300410999808,0.0,341.39790925488205,-1649.890489113094,0.0,0,4,0.0,17,550687,487,18.399999618530273,-432.61269494135576,0.14999,16,0.0,0.0,1605374980,,,,0,0.6309359324959335,3,6.0,18.399999618530273,0.0,0.0,29.252712987784907,66.7128,C,
1717085142832,60422000000,18,32216794.45985262,-1401120300410999808,0.0,341.39790925488205,-1649.890489113094,0.0,0,14,0.0,17,944331,487,19.0,-17.21321150421317,0.14999,16,0.0,0.0,1598062460,,,,0,0.0,3,6.0,19.0,0.0,0.0,29.252712987784907,66.7128,C,
1717085142832,60422000000,18,32216794.45985262,-1401120300410999808,0.0,341.39790925488205,-1649.890489113094,0.0,0,28,0.0,47,403560763182566,1797,12.0,-129.83234150384874,0.14999,16,0.0,0.0,1575420030,,,,0,0.0,1,6.0,12.0,0.0,0.0,0.0,66.7128,C,
1717085142832,60422000000,18,32216794.45985262,-1401120300410999808,0.0,341.39790925488205,-1649.890489113094,0.0,0,32,0.0,47,403560757174817,396,23.58099937438965,-245.18463998923744,0.14999,16,0.0,0.0,1575420030,,,,0,1.6514115622829473,1,6.0,23.58099937438965,0.0,0.0,0.0,66.7128,C,
1717085143831,61422000000,18,31185277.516220905,-1401120300409999872,0.0,340.9969869560118,-1630.683625139484,0.0,0,31,0.0,47,403561765493974,316,24.660999298095703,-504.28896480981155,0.14999,16,0.0,0.0,1575420030,,,,0,4.547624764326348,1,6.0,24.660999298095703,0.0,0.0,0.0,66.7128,C,
1717085143831,61422000000,18,31185277.516220905,-1401120300409999872,0.0,340.9969869560118,-1630.683625139484,0.0,0,10,0.0,47,403561757702790,487,19.663000106811523,3.265190408109053,0.14999,16,0.0,0.0,1575420030,,,,0,0.0,1,6.0,19.663000106811523,0.0,0.0,0.0,66.7128,C,
1717085143831,61422000000,18,31185277.516220905,-1401120300409999872,0.0,340.9969869560118,-1630.683625139484,0.0,0,26,0.0,47,403561759368093,797,17.124000549316406,-1008.8985856083082,0.14999,16,0.0,0.0,1575420030,,,,0,0.0,1,6.0,17.124000549316406,0.0,0.0,0.0,66.7128,C,
1717085143831,61422000000,18,31185277.516220905,-1401120300409999872,0.0,340.9969869560118,-1630.683625139484,0.0,0,4,0.0,17,552119,396,17.200000762939453,-425.7049383933134,0.14999,16,0.0,0.0,1605374980,,,,0,1.5737038580371463,3,6.0,17.200000762939453,0.0,0.0,29.983418039806015,66.7128,C,
1717085143831,61422000000,18,31185277.516220905,-1401120300409999872,0.0,340.9969869560118,-1630.683625139484,0.0,0,14,0.0,17,944322,797,17.0,-11.597608095935875,0.14999,16,0.0,0.0,1598062460,,,,0,0.0,3,6.0,17.0,0.0,0.0,29.983418039806015,66.7128,C,
1717085143831,61422000000,18,31185277.516220905,-1401120300409999872,0.0,340.9969869560118,-1630.683625139484,0.0,0,28,0.0,47,403561762182993,1797,13.399999618530273,-124.18615726494961,0.14999,16,0.0,0.0,1575420030,,,,0,0.0,1,6.0,13.399999618530273,0.0,0.0,0.0,66.7128,C,
1717085143831,61422000000,18,31185277.516220905,-1401120300409999872,0.0,340.9969869560118,-1630.683625139484,0.0,0,32,0.0,47,403561756175623,487,23.535999298095703,-239.1227226128783,0.14999,16,0.0,0.0,1575420030,,,,0,1.6514115622829473,1,6.0,23.535999298095703,0.0,0.0,0.0,66.7128,C,
1717085144830,62422000000,18,30048290.941328485,-1401120300408999936,0.0,340.34562182718213,-1608.3782909398035,0.0,0,31,0.0,47,403562764495646,316,24.665000915527344,-497.8170751396025,0.14999,16,0.0,0.0,1575420030,,,,0,4.539421382071625,1,6.0,24.665000915527344,0.0,0.0,0.0,66.7128,C,
1717085144830,62422000000,18,30048290.941328485,-1401120300408999936,0.0,340.34562182718213,-1608.3782909398035,0.0,0,10,0.0,47,403562756702792,396,19.743000030517578,10.174067941194414,0.14999,16,0.0,0.0,1575420030,,,,0,0.0,1,6.0,19.743000030517578,0.0,0.0,0.0,66.7128,C,
1717085144830,62422000000,18,30048290.941328485,-1401120300408999936,0.0,340.34562182718213,-1608.3782909398035,0.0,0,26,0.0,47,403562758371446,1797,17.124000549316406,-1002.0432746291136,0.14999,16,0.0,0.0,1575420030,,,,0,0.0,1,6.0,17.124000549316406,0.0,0.0,0.0,66.7128,C,
1717085144830,62422000000,18,30048290.941328485,-1401120300408999936,0.0,340.34562182718213,-1608.3782909398035,0.0,0,4,0.0,17,553511,396,16.799999237060547,-418.99217686062264,0.14999,16,0.0,0.0,1605374980,,,,0,0.0,3,6.0,16.799999237060547,0.0,0.0,29.532952902392257,66.7128,C,
1717085144830,62422000000,18,30048290.941328485,-1401120300408999936,0.0,340.34562182718213,-1608.3782909398035,0.0,0,14,0.0,17,944346,797,17.0,-6.152518683050642,0.14999,16,0.0,0.0,1598062460,,,,0,0.0,3,6.0,17.0,0.0,0.0,29.532952902392257,66.7128,C,
1717085144830,62422000000,18,30048290.941328485,-1401120300408999936,0.0,340.34562182718213,-1608.3782909398035,0.0,0,28,0.0,47,403562761183395,797,13.399999618530273,-117.25869636538003,0.14999,16,0.0,0.0,1575420030,,,,0,0.0,1,6.0,13.399999618530273,0.0,0.0,0.0,66.7128,C,
1717085144830,62422000000,18,30048290.941328485,-1401120300408999936,0.0,340.34562182718213,-1608.3782909398035,0.0,0,32,0.0,47,403562755176407,396,23.42300033569336,-232.53824097098303,0.14999,16,0.0,0.0,1575420030,,,,0,0.0,1,6.0,23.42300033569336,0.0,0.0,0.0,66.7128,C,
1717085145829,63422000000,18,29103647.430650175,-1401120300407000064,0.0,339.92479847221716,-1591.7825651634778,0.0,0,31,0.0,47,403563762497298,316,24.253000259399414,-492.76644133810623,0.14999,16,0.0,0.0,1575420030,,,,0,3.95621017497835,1,6.0,24.253000259399414,0.0,0.0,0.0,66.7128,C,
1717085145829,63422000000,18,29103647.430650175,-1401120300407000064,0.0,339.92479847221716,-1591.7825651634778,0.0,0,10,0.0,47,403563754702736,487,19.79599952697754,15.384704528119757,0.14999,16,0.0,0.0,1575420030,,,,0,0.0,1,6.0,19.79599952697754,0.0,0.0,0.0,66.7128,C,
1717085145829,63422000000,18,29103647.430650175,-1401120300407000064,0.0,339.92479847221716,-1591.7825651634778,0.0,0,26,0.0,47,403563756374778,797,17.124000549316406,-996.4721671908108,0.14999,16,0.0,0.0,1575420030,,,,0,0.0,1,6.0,17.124000549316406,0.0,0.0,0.0,66.7128,C,
1717085145829,63422000000,18,29103647.430650175,-1401120300407000064,0.0,339.92479847221716,-1591.7825651634778,0.0,0,15,0.0,17,87275,487,19.0,-746.9797951731475,0.14999,16,0.0,0.0,1602000000,,,,0,0.0,3,6.0,19.0,0.0,0.0,35.67561528114197,66.7128,C,
1717085145829,63422000000,18,29103647.430650175,-1401120300407000064,0.0,339.92479847221716,-1591.7825651634778,0.0,0,4,0.0,17,554898,396,22.0,-414.57946291490197,0.14999,16,0.0,0.0,1605374980,,,,0,2.0341779177965025,3,6.0,22.0,0.0,0.0,35.67561528114197,66.7128,C,
1717085145829,63422000000,18,29103647.430650175,-1401120300407000064,0.0,339.92479847221716,-1591.7825651634778,0.0,0,28,0.0,47,403563759183776,797,13.399999618530273,-112.25493910584022,0.14999,16,0.0,0.0,1575420030,,,,0,0.0,1,6.0,13.399999618530273,0.0,0.0,0.0,66.7128,C,
1717085145829,63422000000,18,29103647.430650175,-1401120300407000064,0.0,339.92479847221716,-1591.7825651634778,0.0,0,32,0.0,47,403563753177174,316,25.18400001525879,-228.2318245387634,0.14999,16,0.0,0.0,1575420030,,,,0,5.305228255011775,1,6.0,25.18400001525879,0.0,0.0,0.0,66.7128,C,
1717085146828,64422000000,18,28575221.862319164,-1401120300406000128,0.0,141.45189687536217,-1576.6830100647137,0.0,0,31,0.0,47,403564761498932,396,23.038999557495117,-488.4436715433805,0.14999,16,0.0,0.0,1575420030,,,,0,2.1418987997408805,1,6.0,23.038999557495117,0.0,0.0,0.0,66.7128,C,
1717085146828,64422000000,18,28575221.862319164,-1401120300406000128,0.0,141.45189687536217,-1576.6830100647137,0.0,0,10,0.0,47,403564753702675,797,19.847000122070312,19.730053113123827,0.14999,16,0.0,0.0,1575420030,,,,0,0.0,1,6.0,19.847000122070312,0.0,0.0,0.0,66.7128,C,
1717085146828,64422000000,18,28575221.862319164,-1401120300406000128,0.0,141.45189687536217,-1576.6830100647137,0.0,0,26,0.0,47,403564755378089,797,13.5,-991.6589823545665,0.14999,16,0.0,0.0,1575420030,,,,0,0.0,1,6.0,13.5,0.0,0.0,0.0,66.7128,C,
1717085146828,64422000000,18,28575221.862319164,-1401120300406000128,0.0,141.45189687536217,-1576.6830100647137,0.0,0,15,0.0,17,89751,797,17.0,-739.7387234566289,0.14999,16,0.0,0.0,1602000000,,,,0,0.0,3,6.0,17.0,0.0,0.0,40.31195992268181,66.7128,C,
1717085146828,64422000000,18,28575221.862319164,-1401120300406000128,0.0,141.45189687536217,-1576.6830100647137,0.0,0,4,0.0,17,556274,396,23.0,-410.1544392534588,0.14999,16,0.0,0.0,1605374980,,,,0,2.7660539633256294,3,6.0,23.0,0.0,0.0,40.31195992268181,66.7128,C,
1717085146828,64422000000,18,28575221.862319164,-1401120300406000128,0.0,141.45189687536217,-1576.6830100647137,0.0,0,2,0.0,47,403564751342616,797,16.003999710083008,-430.13431731694465,0.14999,16,0.0,0.0,1575420030,,,,0,0.0,1,6.0,16.003999710083008,0.0,0.0,0.0,66.7128,C,
1717085146828,64422000000,18,28575221.862319164,-1401120300406000128,0.0,141.45189687536217,-1576.6830100647137,0.0,0,28,0.0,47,403564758184159,1797,14.399999618530273,-107.52793463166658,0.14999,16,0.0,0.0,1575420030,,,,0,0.0,1,6.0,14.399999618530273,0.0,0.0,0.0,66.7128,C,
1717085146828,64422000000,18,28575221.862319164,-1401120300406000128,0.0,141.45189687536217,-1576.6830100647137,0.0,0,32,0.0,47,403564752177927,316,24.966999053955078,-223.02827286031015,0.14999,16,0.0,0.0,1575420030,,,,0,4.965285576098572,1,6.0,24.966999053955078,0.0,0.0,0.0,66.7128,C,
1717085147828,65422000000,18,28137689.1742887,-1401120300406000128,0.0,138.22718776931026,-1557.0257778859411,0.0,0,31,0.0,47,403565761500552,396,23.1200008392334,-481.86817960502196,0.14999,16,0.0,0.0,1575420030,,,,0,4.539421382071625,1,6.0,23.1200008392334,0.0,0.0,0.0,66.7128,C,
1717085147828,65422000000,18,28137689.1742887,-1401120300406000128,0.0,138.22718776931026,-1557.0257778859411,0.0,0,10,0.0,47,403565753702599,797,19.895000457763672,25.52411449082111,0.14999,16,0.0,0.0,1575420030,,,,0,0.0,1,6.0,19.895000457763672,0.0,0.0,0.0,66.7128,C,
1717085147828,65422000000,18,28137689.1742887,-1401120300406000128,0.0,138.22718776931026,-1557.0257778859411,0.0,0,26,0.0,47,403565755381386,797,18.347999572753906,-986.4755239411244,0.14999,16,0.0,0.0,1575420030,,,,0,0.0,1,6.0,18.347999572753906,0.0,0.0,0.0,66.7128,C,
1717085147828,65422000000,18,28137689.1742887,-1401120300406000128,0.0,138.22718776931026,-1557.0257778859411,0.0,0,4,0.0,17,557636,396,23.0,-404.4227620638474,0.14999,16,0.0,0.0,1605374980,,,,0,2.2230090424533335,3,6.0,23.0,0.0,0.0,40.61439752542121,66.7128,C,
1717085147828,65422000000,18,28137689.1742887,-1401120300406000128,0.0,138.22718776931026,-1557.0257778859411,0.0,0,2,0.0,47,403565751344038,797,16.003999710083008,-423.2793780050797,0.14999,16,0.0,0.0,1575420030,,,,0,0.0,1,6.0,16.003999710083008,0.0,0.0,0.0,66.7128,C,
1717085147828,65422000000,18,28137689.1742887,-1401120300406000128,0.0,138.22718776931026,-1557.0257778859411,0.0,0,28,0.0,47,403565758184508,1797,14.399999618530273,-101.51273119280712,0.14999,16,0.0,0.0,1575420030,,,,0,0.0,1,6.0,14.399999618530273,0.0,0.0,0.0,66.7128,C,
1717085147828,65422000000,18,28137689.1742887,-1401120300406000128,0.0,138.22718776931026,-1557.0257778859411,0.0,0,32,0.0,47,403565752178664,316,25.416000366210938,-217.58113970566507,0.14999,16,0.0,0.0,1575420030,,,,0,5.6060102161047425,1,6.0,25.416000366210938,0.0,0.0,0.0,66.7128,C,
1717085148828,66422000000,18,27764989.671621427,-1401120300406000128,0.0,138.71914085801538,-1549.2393269661072,0.0,0,31,0.0,47,403566761502154,316,25.840999603271484,-479.446162992718,0.14999,16,0.0,0.0,1575420030,,,,0,6.202700705374859,1,6.0,25.840999603271484,0.0,0.0,0.0,66.7128,C,
1717085148828,66422000000,18,27764989.671621427,-1401120300406000128,0.0,138.71914085801538,-1549.2393269661072,0.0,0,10,0.0,47,403566753702558,487,19.88599967956543,28.23584578661402,0.14999,16,0.0,0.0,1575420030,,,,0,0.0,1,6.0,19.88599967956543,0.0,0.0,0.0,66.7128,C,
1717085148828,66422000000,18,27764989.671621427,-1401120300406000128,0.0,138.71914085801538,-1549.2393269661072,0.0,0,26,0.0,47,403566755384673,797,18.347999572753906,-984.3035929832816,0.14999,16,0.0,0.0,1575420030,,,,0,0.0,1,6.0,18.347999572753906,0.0,0.0,0.0,66.7128,C,
1717085148828,66422000000,18,27764989.671621427,-1401120300406000128,0.0,138.71914085801538,-1549.2393269661072,0.0,0,15,0.0,17,94707,487,18.0,-734.8825439018246,0.14999,16,0.0,0.0,1602000000,,,,0,0.0,3,6.0,18.0,0.0,0.0,40.59388482103891,66.7128,C,
1717085148828,66422000000,18,27764989.671621427,-1401120300406000128,0.0,138.71914085801538,-1549.2393269661072,0.0,0,4,0.0,17,558983,316,16.5,-401.9728550858414,0.14999,16,0.0,0.0,1605374980,,,,0,3.441025625078824,3,6.0,16.5,0.0,0.0,40.59388482103891,66.7128,C,
1717085148828,66422000000,18,27764989.671621427,-1401120300406000128,0.0,138.71914085801538,-1549.2393269661072,0.0,0,14,0.0,17,944315,797,16.0,10.637911544916452,0.14999,16,0.0,0.0,1598062460,,,,0,0.0,3,6.0,16.0,0.0,0.0,40.59388482103891,66.7128,C,
1717085148828,66422000000,18,27764989.671621427,-1401120300406000128,0.0,138.71914085801538,-1549.2393269661072,0.0,0,2,0.0,47,403566751345445,1797,16.003999710083008,-420.9709522204105,0.14999,16,0.0,0.0,1575420030,,,,0,0.0,1,6.0,16.003999710083008,0.0,0.0,0.0,66.7128,C,
1717085148828,66422000000,18,27764989.671621427,-1401120300406000128,0.0,138.71914085801538,-1549.2393269661072,0.0,0,28,0.0,47,403566758184842,797,14.399999618530273,-99.22470065285432,0.14999,16,0.0,0.0,1575420030,,,,0,0.0,1,6.0,14.399999618530273,0.0,0.0,0.0,66.7128,C,
1717085148828,66422000000,18,27764989.671621427,-1401120300406000128,0.0,138.71914085801538,-1549.2393269661072,0.0,0,32,0.0,47,403566752179384,396,24.04800033569336,-215.46128863239443,0.14999,16,0.0,0.0,1575420030,,,,0,3.6678099559436133,1,6.0,24.04800033569336,0.0,0.0,0.0,66.7128,C,
1717085149826,67422000000,18,26988045.509803984,-1401120300404999680,0.0,133.76764612639278,-1532.7126539228018,0.0,0,31,0.0,47,403567760503743,316,25.836999893188477,-474.7333283354886,0.14999,16,0.0,0.0,1575420030,,,,0,6.093898995007732,1,6.0,25.836999893188477,0.0,0.0,0.0,66.7128,C,
1717085149826,67422000000,18,26988045.509803984,-1401120300404999680,0.0,133.76764612639278,-1532.7126539228018,0.0,0,10,0.0,47,403567752702449,487,19.88599967956543,32.81283603484383,0.14999,16,0.0,0.0,1575420030,,,,0,0.0,1,6.0,19.88599967956543,0.0,0.0,0.0,66.7128,C,
1717085149826,67422000000,18,26988045.509803984,-1401120300404999680,0.0,133.76764612639278,-1532.7126539228018,0.0,0,26,0.0,47,403567754387942,487,18.054000854492188,-979.4725681152127,0.14999,16,0.0,0.0,1575420030,,,,0,0.0,1,6.0,18.054000854492188,0.0,0.0,0.0,66.7128,C,
1717085149826,67422000000,18,26988045.509803984,-1401120300404999680,0.0,133.76764612639278,-1532.7126539228018,0.0,0,15,0.0,17,97147,487,20.0,-728.1708085949923,0.14999,16,0.0,0.0,1602000000,,,,0,0.0,3,6.0,20.0,0.0,0.0,40.02777660517857,66.7128,C,
1717085149826,67422000000,18,26988045.509803984,-1401120300404999680,0.0,133.76764612639278,-1532.7126539228018,0.0,0,4,0.0,17,560315,396,16.5,-397.26215483655795,0.14999,16,0.0,0.0,1605374980,,,,0,3.1940168573502374,3,6.0,16.5,0.0,0.0,40.02777660517857,66.7128,C,
1717085149826,67422000000,18,26988045.509803984,-1401120300404999680,0.0,133.76764612639278,-1532.7126539228018,0.0,0,14,0.0,17,944267,797,17.0,15.545627681429112,0.14999,16,0.0,0.0,1598062460,,,,0,0.0,3,6.0,17.0,0.0,0.0,40.02777660517857,66.7128,C,
1717085149826,67422000000,18,26988045.509803984,-1401120300404999680,0.0,133.76764612639278,-1532.7126539228018,0.0,0,2,0.0,47,403567750346779,1797,15.913000106811523,-415.3526430312377,0.14999,16,0.0,0.0,1575420030,,,,0,0.0,1,6.0,15.913000106811523,0.0,0.0,0.0,66.7128,C,
1717085149826,67422000000,18,26988045.509803984,-1401120300404999680,0.0,133.76764612639278,-1532.7126539228018,0.0,0,32,0.0,47,403567751180096,316,24.548999786376953,-210.40988826703068,0.14999,16,0.0,0.0,1575420030,,,,0,4.363052081127853,1,6.0,24.548999786376953,0.0,0.0,0.0,66.7128,C,
1717085150824,68422000000,18,26010437.52741772,-1401120300402999808,0.0,119.93760823982895,-1524.3334182372496,0.0,0,31,0.0,47,403568758505318,316,25.812000274658203,-472.3700816196909,0.14999,16,0.0,0.0,1575420030,,,,0,5.489419342890265,1,6.0,25.812000274658203,0.0,0.0,0.0,66.7128,C,
1717085150824,68422000000,18,26010437.52741772,-1401120300402999808,0.0,119.93760823982895,-1524.3334182372496,0.0,0,10,0.0,47,403568750702330,487,19.881000518798828,35.5349740158679,0.14999,16,0.0,0.0,1575420030,,,,0,0.0,1,6.0,19.881000518798828,0.0,0.0,0.0,66.7128,C,
1717085150824,68422000000,18,26010437.52741772,-1401120300402999808,0.0,119.93760823982895,-1524.3334182372496,0.0,0,26,0.0,47,403568752391215,487,20.323999404907227,-977.4766216379755,0.14999,16,0.0,0.0,1575420030,,,,0,0.0,1,6.0,20.323999404907227,0.0,0.0,0.0,66.7128,C,
1717085150824,68422000000,18,26010437.52741772,-1401120300402999808,0.0,119.93760823982895,-1524.3334182372496,0.0,0,15,0.0,17,99583,797,17.0,-727.5811645674237,0.14999,16,0.0,0.0,1602000000,,,,0,0.0,3,6.0,17.0,0.0,0.0,40.242456281991785,66.7128,C,
1717085150824,68422000000,18,26010437.52741772,-1401120300402999808,0.0,119.93760823982895,-1524.3334182372496,0.0,0,4,0.0,17,561635,396,22.0,-394.40848918285553,0.14999,16,0.0,0.0,1605374980,,,,0,2.1291066182857357,3,6.0,22.0,0.0,0.0,40.242456281991785,66.7128,C,
1717085150824,68422000000,18,26010437.52741772,-1401120300402999808,0.0,119.93760823982895,-1524.3334182372496,0.0,0,2,0.0,47,403568748348158,1797,15.82699966430664,-410.81309826647356,0.14999,16,0.0,0.0,1575420030,,,,0,0.0,1,6.0,15.82699966430664,0.0,0.0,0.0,66.7128,C,
1717085150824,68422000000,18,26010437.52741772,-1401120300402999808,0.0,119.93760823982895,-1524.3334182372496,0.0,0,32,0.0,47,403568749180797,316,24.613000869750977,-208.01372576334785,0.14999,16,0.0,0.0,1575420030,,,,0,6.202700705374859,1,6.0,24.613000869750977,0.0,0.0,0.0,66.7128,C,
1717085151824,69422000000,18,24980955.32476671,-1401120300402999808,0.0,119.95544793333588,-1511.7977632916932,0.0,0,31,0.0,47,403569758506884,316,25.774999618530273,-468.26789638513276,0.14999,16,0.0,0.0,1575420030,,,,0,5.158006262084393,1,6.0,25.774999618530273,0.0,0.0,0.0,66.7128,C,
1717085151824,69422000000,18,24980955.32476671,-1401120300402999808,0.0,119.95544793333588,-1511.7977632916932,0.0,0,10,0.0,47,403569750702197,487,19.902999877929688,40.03396058328022,0.14999,16,0.0,0.0,1575420030,,,,0,0.0,1,6.0,19.902999877929688,0.0,0.0,0.0,66.7128,C,
1717085151824,69422000000,18,24980955.32476671,-1401120300402999808,0.0,119.95544793333588,-1511.7977632916932,0.0,0,26,0.0,47,403569752394483,487,20.35300064086914,-973.0378916363883,0.14999,16,0.0,0.0,1575420030,,,,0,0.0,1,6.0,20.35300064086914,0.0,0.0,0.0,66.7128,C,
1717085151824,69422000000,18,24980955.32476671,-1401120300402999808,0.0,119.95544793333588,-1511.7977632916932,0.0,0,15,0.0,17,102014,487,18.0,-723.9822617827002,0.14999,16,0.0,0.0,1602000000,,,,0,0.0,3,6.0,18.0,0.0,0.0,39.319983295105594,66.7128,C,
1717085151824,69422000000,18,24980955.32476671,-1401120300402999808,0.0,119.95544793333588,-1511.7977632916932,0.0,0,4,0.0,17,562937,396,23.0,-390.05422359104665,0.14999,16,0.0,0.0,1605374980,,,,0,3.7598096471077795,3,6.0,23.0,0.0,0.0,39.319983295105594,66.7128,C,
1717085151824,69422000000,18,24980955.32476671,-1401120300402999808,0.0,119.95544793333588,-1511.7977632916932,0.0,0,2,0.0,47,403569748349510,1797,11.0,-403.43206384944045,0.14999,16,0.0,0.0,1575420030,,,,0,0.0,1,6.0,11.0,0.0,0.0,0.0,66.7128,C,
1717085151824,69422000000,18,24980955.32476671,-1401120300402999808,0.0,119.95544793333588,-1511.7977632916932,0.0,0,32,0.0,47,403569749181484,316,24.65999984741211,-203.5515807199905,0.14999,16,0.0,0.0,1575420030,,,,0,5.817519916668839,1,6.0,24.65999984741211,0.0,0.0,0.0,66.7128,C,
1717085152822,70422000000,18,24093521.39205583,-1401120300400999936,0.0,119.22648904487336,-1498.5606384487126,0.0,0,31,0.0,47,403570756508437,316,25.738000869750977,-463.7139959697596,0.14999,16,0.0,0.0,1575420030,,,,0,5.089077072452522,1,6.0,25.738000869750977,0.0,0.0,0.0,66.7128,C,
1717085152822,70422000000,18,24093521.39205583,-1401120300400999936,0.0,119.22648904487336,-1498.5606384487126,0.0,0,10,0.0,47,403570748702051,487,19.952999114990234,43.97735095123071,0.14999,16,0.0,0.0,1575420030,,,,0,0.0,1,6.0,19.952999114990234,0.0,0.0,0.0,66.7128,C,
1717085152822,70422000000,18,24093521.39205583,-1401120300400999936,0.0,119.22648904487336,-1498.5606384487126,0.0,0,26,0.0,47,403570750397730,487,20.361000061035156,-969.5340908026219,0.14999,16,0.0,0.0,1575420030,,,,0,0.0,1,6.0,20.361000061035156,0.0,0.0,0.0,66.7128,C,
1717085152822,70422000000,18,24093521.39205583,-1401120300400999936,0.0,119.22648904487336,-1498.5606384487126,0.0,0,15,0.0,17,104428,797,16.0,-719.1987711824801,0.14999,16,0.0,0.0,1602000000,,,,0,0.0,3,6.0,16.0,0.0,0.0,38.28220876213077,66.7128,C,
1717085152822,70422000000,18,24093521.39205583,-1401120300400999936,0.0,119.22648904487336,-1498.5606384487126,0.0,0,4,0.0,17,564231,396,21.0,-386.15646608638184,0.14999,16,0.0,0.0,1605374980,,,,0,1.1296271190489642,3,6.0,21.0,0.0,0.0,38.28220876213077,66.7128,C,
1717085152822,70422000000,18,24093521.39205583,-1401120300400999936,0.0,119.22648904487336,-1498.5606384487126,0.0,0,2,0.0,47,403570746350845,1797,11.0,-398.1555027699124,0.14999,16,0.0,0.0,1575420030,,,,0,0.0,1,6.0,11.0,0.0,0.0,0.0,66.7128,C,
1717085152822,70422000000,18,24093521.39205583,-1401120300400999936,0.0,119.22648904487336,-1498.5606384487126,0.0,0,32,0.0,47,403570747182158,316,24.71500015258789,-199.44841985869198,0.14999,16,0.0,0.0,1575420030,,,,0,6.093898995007732,1,6.0,24.71500015258789,0.0,0.0,0.0,66.7128,C,
1717085153822,71422000000,18,22989771.143608958,-1401120300400000000,0.0,88.18261023707967,-1485.0130927097775,0.0,0,31,0.0,47,403571755509976,316,25.711000442504883,-459.22132774695194,0.14999,16,0.0,0.0,1575420030,,,,0,5.33148972596959,1,6.0,25.711000442504883,0.0,0.0,0.0,66.7128,C,
1717085153822,71422000000,18,22989771.143608958,-1401120300400000000,0.0,88.18261023707967,-1485.0130927097775,0.0,0,10,0.0,47,403571747701871,487,20.018999099731445,47.903644622015726,0.14999,16,0.0,0.0,1575420030,,,,0,0.0,1,6.0,20.018999099731445,0.0,0.0,0.0,66.7128,C,
1717085153822,71422000000,18,22989771.143608958,-1401120300400000000,0.0,88.18261023707967,-1485.0130927097775,0.0,0,16,0.0,47,403571739448513,797,13.300000190734863,-1110.7989890551842,0.14999,16,0.0,0.0,1575420030,,,,0,0.0,1,6.0,13.300000190734863,0.0,0.0,0.0,66.7128,C,
1717085153822,71422000000,18,22989771.143608958,-1401120300400000000,0.0,88.18261023707967,-1485.0130927097775,0.0,0,26,0.0,47,403571749400979,396,20.415000915527344,-966.2427907646024,0.14999,16,0.0,0.0,1575420030,,,,0,0.0,1,6.0,20.415000915527344,0.0,0.0,0.0,66.7128,C,
1717085153822,71422000000,18,22989771.143608958,-1401120300400000000,0.0,88.18261023707967,-1485.0130927097775,0.0,0,15,0.0,17,106823,487,18.0,-716.8657344346267,0.14999,16,0.0,0.0,1602000000,,,,0,0.0,3,6.0,18.0,0.0,0.0,38.2000321216384,66.7128,C,
1717085153822,71422000000,18,22989771.143608958,-1401120300400000000,0.0,88.18261023707967,-1485.0130927097775,0.0,0,4,0.0,17,565515,396,23.0,-381.6100321546836,0.14999,16,0.0,0.0,1605374980,,,,0,3.441025625078824,3,6.0,23.0,0.0,0.0,38.2000321216384,66.7128,C,
1717085153822,71422000000,18,22989771.143608958,-1401120300400000000,0.0,88.18261023707967,-1485.0130927097775,0.0,0,2,0.0,47,403571745352169,1797,11.0,-395.7149027911242,0.14999,16,0.0,0.0,1575420030,,,,0,0.0,1,6.0,11.0,0.0,0.0,0.0,66.7128,C,
1717085153822,71422000000,18,22989771.143608958,-1401120300400000000,0.0,88.18261023707967,-1485.0130927097775,0.0,0,25,0.0,47,403571742075910,487,20.770999908447266,-49.339953017580726,0.14999,16,0.0,0.0,1575420030,,,,0,0.0,1,6.0,20.770999908447266,0.0,0.0,0.0,66.7128,C,
1717085153822,71422000000,18,22989771.143608958,-1401120300400000000,0.0,88.18261023707967,-1485.0130927097775,0.0,0,32,0.0,47,403571746182818,316,25.937000274658203,-195.656739448877,0.14999,16,0.0,0.0,1575420030,,,,0,6.31015638065208,1,6.0,25.937000274658203,0.0,0.0,0.0,66.7128,C,
1717085154822,72422000000,18,22195573.378967393,-1401120300400000000,0.0,85.93701018686015,-1472.4070434072107,0.0,0,31,0.0,47,403572755511500,316,25.736000061035156,-455.74577363024156,0.14999,16,0.0,0.0,1575420030,,,,0,6.693163462556596,1,6.0,25.736000061035156,0.0,0.0,0.0,66.7128,C,
1717085154822,72422000000,18,22195573.378967393,-1401120300400000000,0.0,85.93701018686015,-1472.4070434072107,0.0,0,10,0.0,47,403572747701697,487,23.038999557495117,50.88734348630513,0.14999,16,0.0,0.0,1575420030,,,,0,2.1418987997408805,1,6.0,23.038999557495117,0.0,0.0,0.0,66.7128,C,
1717085154822,72422000000,18,22195573.378967393,-1401120300400000000,0.0,85.93701018686015,-1472.4070434072107,0.0,0,16,0.0,47,403572739452215,1797,13.300000190734863,-1107.6365646637328,0.14999,16,0.0,0.0,1575420030,,,,0,0.0,1,6.0,13.300000190734863,0.0,0.0,0.0,66.7128,C,
1717085154822,72422000000,18,22195573.378967393,-1401120300400000000,0.0,85.93701018686015,-1472.4070434072107,0.0,0,26,0.0,47,403572749404197,396,20.454999923706055,-960.8003731392027,0.14999,16,0.0,0.0,1575420030,,,,0,0.0,1,6.0,20.454999923706055,0.0,0.0,0.0,66.7128,C,
1717085154822,72422000000,18,22195573.378967393,-1401120300400000000,0.0,85.93701018686015,-1472.4070434072107,0.0,0,15,0.0,17,109209,487,18.0,-712.8560545344632,0.14999,16,0.0,0.0,1602000000,,,,0,0.0,3,6.0,18.0,0.0,0.0,37.67455434923221,66.7128,C,
1717085154822,72422000000,18,22195573.378967393,-1401120300400000000,0.0,85.93701018686015,-1472.4070434072107,0.0,0,4,0.0,17,566790,396,21.0,-378.5661813930693,0.14999,16,0.0,0.0,1605374980,,,,0,0.6952421251842382,3,6.0,21.0,0.0,0.0,37.67455434923221,66.7128,C,
1717085154822,72422000000,18,22195573.378967393,-1401120300400000000,0.0,85.93701018686015,-1472.4070434072107,0.0,0,25,0.0,47,403572742076051,487,19.89900016784668,-43.97214760861513,0.14999,16,0.0,0.0,1575420030,,,,0,0.0,1,6.0,19.89900016784668,0.0,0.0,0.0,66.7128,C,
1717085154822,72422000000,18,22195573.378967393,-1401120300400000000,0.0,85.93701018686015,-1472.4070434072107,0.0,0,32,0.0,47,403572746183468,316,25.208999633789062,-192.75095134857267,0.14999,16,0.0,0.0,1575420030,,,,0,5.33148972596959,1,6.0,25.208999633789062,0.0,0.0,0.0,66.7128,C,
1717085155820,73422000000,18,78.24633358537935,-1401120300398000128,0.0,78.24633358537935,-1461.0341682535068,0.0,0,31,0.0,16431,403573753513012,316,25.718000411987305,-452.73712659644707,0.14999,16,0.0,0.0,1575420030,,,,0,5.567320220560749,1,6.0,25.718000411987305,0.0,0.0,0.0,66.7128,C,
1717085155820,73422000000,18,78.24633358537935,-1401120300398000128,0.0,78.24633358537935,-1461.0341682535068,0.0,0,10,0.0,47,403573745701522,797,18.483999252319336,54.726806377192645,0.14999,16,0.0,0.0,1575420030,,,,0,0.0,1,6.0,18.483999252319336,0.0,0.0,0.0,66.7128,C,
1717085155820,73422000000,18,78.24633358537935,-1401120300398000128,0.0,78.24633358537935,-1461.0341682535068,0.0,0,16,0.0,47,403573737455920,1797,13.25,-1103.476213492079,0.14999,16,0.0,0.0,1575420030,,,,0,0.0,1,6.0,13.25,0.0,0.0,0.0,66.7128,C,
1717085155820,73422000000,18,78.24633358537935,-1401120300398000128,0.0,78.24633358537935,-1461.0341682535068,0.0,0,26,0.0,47,403573747407384,396,20.525999069213867,-957.2715776775151,0.14999,16,0.0,0.0,1575420030,,,,0,0.3604620826654519,1,6.0,20.525999069213867,0.0,0.0,0.0,66.7128,C,
1717085155820,73422000000,18,78.24633358537935,-1401120300398000128,0.0,78.24633358537935,-1461.0341682535068,0.0,0,15,0.0,17,111560,487,19.0,-708.0576697801296,0.14999,16,0.0,0.0,1602000000,,,,0,0.0,3,6.0,19.0,0.0,0.0,34.10771419266638,66.7128,C,
1717085155820,73422000000,18,78.24633358537935,-1401120300398000128,0.0,78.24633358537935,-1461.0341682535068,0.0,0,4,0.0,17,568056,396,23.0,-375.38494052653056,0.14999,16,0.0,0.0,1605374980,,,,0,3.1100945654780747,3,6.0,23.0,0.0,0.0,34.10771419266638,66.7128,C,
1717085155820,73422000000,18,78.24633358537935,-1401120300398000128,0.0,78.24633358537935,-1461.0341682535068,0.0,0,5,0.0,17,55336,487,20.0,-748.6653597212966,0.14999,16,0.0,0.0,1602562560,,,,0,0.0,3,6.0,20.0,0.0,0.0,34.10771419266638,66.7128,C,
1717085155820,73422000000,18,78.24633358537935,-1401120300398000128,0.0,78.24633358537935,-1461.0341682535068,0.0,0,25,0.0,47,403573740076188,797,18.691999435424805,-41.617495699816416,0.14999,16,0.0,0.0,1575420030,,,,0,0.0,1,6.0,18.691999435424805,0.0,0.0,0.0,66.7128,C,
1717085155820,73422000000,18,78.24633358537935,-1401120300398000128,0.0,78.24633358537935,-1461.0341682535068,0.0,0,32,0.0,47,403573744184106,396,24.406999588012695,-188.72623552304563,0.14999,16,0.0,0.0,1575420030,,,,0,4.183027198832042,1,6.0,24.406999588012695,0.0,0.0,0.0,66.7128,C,
1717085157000,74602000000,18,75.96914506217058,-1401120300398000128,0.0,75.96914506217058,-1451.9048751753921,0.0,0,31,0.0,16431,403574933514783,316,25.701000213623047,-448.9847267775381,0.14999,16,0.0,0.0,1575420030,,,,0,5.567320220560749,1,6.0,25.701000213623047,0.0,0.0,0.0,66.7128,C,
1717085157000,74602000000,18,75.96914506217058,-1401120300398000128,0.0,75.96914506217058,-1451.9048751753921,0.0,0,10,0.0,47,403574925701298,797,18.483999252319336,58.84390476335434,0.14999,16,0.0,0.0,1575420030,,,,0,0.0,1,6.0,18.483999252319336,0.0,0.0,0.0,66.7128,C,
1717085157000,74602000000,18,75.96914506217058,-1401120300398000128,0.0,75.96914506217058,-1451.9048751753921,0.0,0,16,0.0,47,403574917460259,797,13.20199966430664,-1101.6308852001966,0.14999,16,0.0,0.0,1575420030,,,,0,0.0,1,6.0,13.20199966430664,0.0,0.0,0.0,66.7128,C,
1717085157000,74602000000,18,75.96914506217058,-1401120300398000128,0.0,75.96914506217058,-1451.9048751753921,0.0,0,26,0.0,47,403574927411144,396,20.632999420166016,-956.1376206546483,0.14999,16,0.0,0.0,1575420030,,,,0,1.6081267415386213,1,6.0,20.632999420166016,0.0,0.0,0.0,66.7128,C,
1717085157000,74602000000,18,75.96914506217058,-1401120300398000128,0.0,75.96914506217058,-1451.9048751753921,0.0,0,15,0.0,17,114357,487,19.0,-705.051883279762,0.14999,16,0.0,0.0,1602000000,,,,0,0.0,3,6.0,19.0,0.0,0.0,30.72140629191182,66.7128,C,
1717085157000,74602000000,18,75.96914506217058,-1401120300398000128,0.0,75.96914506217058,-1451.9048751753921,0.0,0,4,0.0,17,569530,396,23.0,-372.1783735596814,0.14999,16,0.0,0.0,1605374980,,,,0,1.6437351237470008,3,6.0,23.0,0.0,0.0,30.72140629191182,66.7128,C,
1717085157000,74602000000,18,75.96914506217058,-1401120300398000128,0.0,75.96914506217058,-1451.9048751753921,0.0,0,5,0.0,17,58240,487,20.0,-745.7079439818966,0.14999,16,0.0,0.0,1602562560,,,,0,0.0,3,6.0,20.0,0.0,0.0,30.72140629191182,66.7128,C,
1717085157000,74602000000,18,75.96914506217058,-1401120300398000128,0.0,75.96914506217058,-1451.9048751753921,0.0,0,25,0.0,47,403574920076349,797,18.691999435424805,-39.99521426416063,0.14999,16,0.0,0.0,1575420030,,,,0,0.0,1,6.0,18.691999435424805,0.0,0.0,0.0,66.7128,C,
1717085157000,74602000000,18,75.96914506217058,-1401120300398000128,0.0,75.96914506217058,-1451.9048751753921,0.0,0,32,0.0,47,403574924184842,316,24.80500030517578,-187.16393190271765,0.14999,16,0.0,0.0,1575420030,,,,0,4.7549632023954675,1,6.0,24.80500030517578,0.0,0.0,0.0,66.7128,C,
1717085158000,75602000000,18,74.77146158749717,-1401120300398000128,0.0,74.77146158749717,-1444.9165650062268,0.0,0,31,0.0,16431,403575933516278,316,25.665000915527344,-447.10255696160056,0.14999,16,0.0,0.0,1575420030,,,,0,5.006745748555877,1,6.0,25.665000915527344,0.0,0.0,0.0,66.7128,C,
1717085158000,75602000000,18,74.77146158749717,-1401120300398000128,0.0,74.77146158749717,-1444.9165650062268,0.0,0,10,0.0,47,403575925701100,487,18.483999252319336,60.38790376769536,0.14999,16,0.0,0.0,1575420030,,,,0,0.0,1,6.0,18.483999252319336,0.0,0.0,0.0,66.7128,C,
1717085158000,75602000000,18,74.77146158749717,-1401120300398000128,0.0,74.77146158749717,-1444.9165650062268,0.0,0,16,0.0,47,403575917463929,797,13.206000328063965,-1100.4359747352614,0.14999,16,0.0,0.0,1575420030,,,,0,0.0,1,6.0,13.206000328063965,0.0,0.0,0.0,66.7128,C,
1717085158000,75602000000,18,74.77146158749717,-1401120300398000128,0.0,74.77146158749717,-1444.9165650062268,0.0,0,26,0.0,47,403575927414321,396,20.731000900268555,-953.318338125328,0.14999,16,0.0,0.0,1575420030,,,,0,1.4849205674422525,1,6.0,20.731000900268555,0.0,0.0,0.0,66.7128,C,
1717085158000,75602000000,18,74.77146158749717,-1401120300398000128,0.0,74.77146158749717,-1444.9165650062268,0.0,0,32,0.0,16905,403561918484545,797,16.299999237060547,-853.7473754882812,0.14999,16,0.0,0.0,1561097980,,,,0,0.0,5,6.0,16.299999237060547,0.0,0.0,33.30124748504559,66.7128,I,
1717085158000,75602000000,18,74.77146158749717,-1401120300398000128,0.0,74.77146158749717,-1444.9165650062268,0.0,0,15,0.0,17,116711,487,18.0,-702.2678643378803,0.14999,16,0.0,0.0,1602000000,,,,0,0.0,3,6.0,18.0,0.0,0.0,27.682683018904015,66.7128,C,
1717085158000,75602000000,18,74.77146158749717,-1401120300398000128,0.0,74.77146158749717,-1444.9165650062268,0.0,0,4,0.0,17,570771,487,20.0,-369.43743298791884,0.14999,16,0.0,0.0,1605374980,,,,0,1.9382002601611283,3,6.0,20.0,0.0,0.0,27.682683018904015,66.7128,C,
1717085158000,75602000000,18,74.77146158749717,-1401120300398000128,0.0,74.77146158749717,-1444.9165650062268,0.0,0,5,0.0,17,60729,487,19.0,-743.8019787343964,0.14999,16,0.0,0.0,1602562560,,,,0,0.0,3,6.0,19.0,0.0,0.0,27.682683018904015,66.7128,C,
1717085158000,75602000000,18,74.77146158749717,-1401120300398000128,0.0,74.77146158749717,-1444.9165650062268,0.0,0,25,0.0,47,403575920076477,797,18.691999435424805,-35.80773137743997,0.14999,16,0.0,0.0,1575420030,,,,0,0.0,1,6.0,18.691999435424805,0.0,0.0,0.0,66.7128,C,
1717085158000,75602000000,18,74.77146158749717,-1401120300398000128,0.0,74.77146158749717,-1444.9165650062268,0.0,0,32,0.0,47,403575924185459,396,24.231000900268555,-183.02829660848795,0.14999,16,0.0,0.0,1575420030,,,,0,3.905794421937769,1,6.0,24.231000900268555,0.0,0.0,0.0,66.7128,C,
1717085159000,76602000000,18,71.72231822407133,-1401120300398000128,0.0,71.72231822407133,-1434.6337522011972,0.0,0,31,0.0,16431,403576933517765,316,25.599000930786133,-443.7376203338875,0.14999,16,0.0,0.0,1575420030,,,,0,4.091595937342375,1,6.0,25.599000930786133,0.0,0.0,0.0,66.7128,C,
1717085159000,76602000000,18,71.72231822407133,-1401120300398000128,0.0,71.72231822407133,-1434.6337522011972,0.0,0,10,0.0,47,403576925700872,487,18.503999710083008,63.77876419165393,0.14999,16,0.0,0.0,1575420030,,,,0,0.0,1,6.0,18.503999710083008,0.0,0.0,0.0,66.7128,C,
1717085159000,76602000000,18,71.72231822407133,-1401120300398000128,0.0,71.72231822407133,-1434.6337522011972,0.0,0,16,0.0,47,403576917467595,797,13.210000038146973,-1097.3658167584042,0.14999,16,0.0,0.0,1575420030,,,,0,0.0,1,6.0,13.210000038146973,0.0,0.0,0.0,66.7128,C,
1717085159000,76602000000,18,71.72231822407133,-1401120300398000128,0.0,71.72231822407133,-1434.6337522011972,0.0,0,26,0.0,47,403576927417496,487,20.825000762939453,-950.217331760107,0.14999,16,0.0,0.0,1575420030,,,,0,1.4849205674422525,1,6.0,20.825000762939453,0.0,0.0,0.0,66.7128,C,
1717085159000,76602000000,18,71.72231822407133,-1401120300398000128,0.0,71.72231822407133,-1434.6337522011972,0.0,0,32,0.0,16905,403562918487375,797,16.200000762939453,-850.561279296875,0.14999,16,0.0,0.0,1561097980,,,,0,0.0,5,6.0,16.200000762939453,0.0,0.0,34.98851314556717,66.7128,I,
1717085159000,76602000000,18,71.72231822407133,-1401120300398000128,0.0,71.72231822407133,-1434.6337522011972,0.0,0,7,0.0,16431,403576910504309,396,22.0,-180.63761619791796,0.14999,16,0.0,0.0,1575420030,,,,0,2.1418987997408805,6,6.0,22.0,0.0,0.0,-7.806840984847312,66.7128,C,
1717085159000,76602000000,18,71.72231822407133,-1401120300398000128,0.0,71.72231822407133,-1434.6337522011972,0.0,0,15,0.0,17,119043,487,20.0,-697.8326045433419,0.14999,16,0.0,0.0,1602000000,,,,0,0.0,3,6.0,20.0,0.0,0.0,25.257632858222507,66.7128,C,
1717085159000,76602000000,18,71.72231822407133,-1401120300398000128,0.0,71.72231822407133,-1434.6337522011972,0.0,0,4,0.0,17,572003,487,19.0,-368.4148831394707,0.14999,16,0.0,0.0,1605374980,,,,0,0.0,3,6.0,19.0,0.0,0.0,25.257632858222507,66.7128,C,
1717085159000,76602000000,18,71.72231822407133,-1401120300398000128,0.0,71.72231822407133,-1434.6337522011972,0.0,0,5,0.0,17,63222,487,19.0,-742.0563663092859,0.14999,16,0.0,0.0,1602562560,,,,0,0.0,3,6.0,19.0,0.0,0.0,25.257632858222507,66.7128,C,
1717085159000,76602000000,18,71.72231822407133,-1401120300398000128,0.0,71.72231822407133,-1434.6337522011972,0.0,0,25,0.0,47,403576920076568,487,18.738000869750977,-32.63471446709263,0.14999,16,0.0,0.0,1575420030,,,,0,0.0,1,6.0,18.738000869750977,0.0,0.0,0.0,66.7128,C,
1717085159000,76602000000,18,71.72231822407133,-1401120300398000128,0.0,71.72231822407133,-1434.6337522011972,0.0,0,32,0.0,47,403576924186066,396,21.452999114990234,-180.5491826026612,0.14999,16,0.0,0.0,1575420030,,,,0,0.0,1,6.0,21.452999114990234,0.0,0.0,0.0,66.7128,C,
1717085159000,76602000000,18,71.72231822407133,-1401120300398000128,0.0,71.72231822407133,-1434.6337522011972,0.0,0,39,0.0,16905,403562876374558,487,19.0,-306.67767333984375,0.14999,16,0.0,0.0,1561097980,,,,0,0.0,5,6.0,19.0,0.0,0.0,34.98851314556717,66.7128,I,
1717085159000,76602000000,18,71.72231822407133,-1401120300398000128,0.0,71.72231822407133,-1434.6337522011972,0.0,0,41,0.0,16905,403562925432103,396,21.200000762939453,-525.3387451171875,0.14999,16,0.0,0.0,1561097980,,,,0,0.9660935914911009,5,6.0,21.200000762939453,0.0,0.0,34.98851314556717,66.7128,I,
1717085160000,77602000000,18,69.20709321981123,-1401120300398000128,0.0,69.20709321981123,-1423.2655803963148,0.0,0,31,0.0,16431,403577933519238,316,25.624000549316406,-440.278373121267,0.14999,16,0.0,0.0,1575420030,,,,0,6.555834283498255,1,6.0,25.624000549316406,0.0,0.0,0.0,66.7128,C,
1717085160000,77602000000,18,69.20709321981123,-1401120300398000128,0.0,69.20709321981123,-1423.2655803963148,0.0,0,10,0.0,47,403577925700685,797,18.520000457763672,66.5392768244679,0.14999,16,0.0,0.0,1575420030,,,,0,0.0,1,6.0,18.520000457763672,0.0,0.0,0.0,66.7128,C,
1717085160000,77602000000,18,69.20709321981123,-1401120300398000128,0.0,69.20709321981123,-1423.2655803963148,0.0,0,16,0.0,47,403577917471253,797,13.21399974822998,-1094.2975171181954,0.14999,16,0.0,0.0,1575420030,,,,0,0.0,1,6.0,13.21399974822998,0.0,0.0,0.0,66.7128,C,
1717085160000,77602000000,18,69.20709321981123,-1401120300398000128,0.0,69.20709321981123,-1423.2655803963148,0.0,0,26,0.0,47,403577927420652,487,20.777999877929688,-945.7493329563071,0.14999,16,0.0,0.0,1575420030,,,,0,0.0,1,6.0,20.777999877929688,0.0,0.0,0.0,66.7128,C,
1717085160000,77602000000,18,69.20709321981123,-1401120300398000128,0.0,69.20709321981123,-1423.2655803963148,0.0,0,25,0.0,16905,403563925928829,797,15.199999809265137,-188.02442932128906,0.14999,16,0.0,0.0,1561097980,,,,0,0.0,5,6.0,15.199999809265137,0.0,0.0,39.630454643418744,66.7128,I,
1717085160000,77602000000,18,69.20709321981123,-1401120300398000128,0.0,69.20709321981123,-1423.2655803963148,0.0,0,32,0.0,16905,403563918490206,797,16.5,-847.0391235351562,0.14999,16,0.0,0.0,1561097980,,,,0,0.0,5,6.0,16.5,0.0,0.0,39.630454643418744,66.7128,I,
1717085160000,77602000000,18,69.20709321981123,-1401120300398000128,0.0,69.20709321981123,-1423.2655803963148,0.0,0,7,0.0,16431,403577910504926,396,21.5,-177.77101577168722,0.14999,16,0.0,0.0,1575420030,,,,0,1.4226558589593938,6,6.0,21.5,0.0,0.0,-26.015226895004034,66.7128,C,
1717085160000,77602000000,18,69.20709321981123,-1401120300398000128,0.0,69.20709321981123,-1423.2655803963148,0.0,0,15,0.0,17,121364,487,19.0,-694.3523524280431,0.14999,16,0.0,0.0,1602000000,,,,0,0.0,3,6.0,19.0,0.0,0.0,22.64068375635901,66.7128,C,
1717085160000,77602000000,18,69.20709321981123,-1401120300398000128,0.0,69.20709321981123,-1423.2655803963148,0.0,0,4,0.0,17,573221,487,19.0,-364.19483904057626,0.14999,16,0.0,0.0,1605374980,,,,0,0.0,3,6.0,19.0,0.0,0.0,22.64068375635901,66.7128,C,
1717085160000,77602000000,18,69.20709321981123,-1401120300398000128,0.0,69.20709321981123,-1423.2655803963148,0.0,0,5,0.0,17,65691,797,17.0,-739.1418818296543,0.14999,16,0.0,0.0,1602562560,,,,0,0.0,3,6.0,17.0,0.0,0.0,22.64068375635901,66.7128,C,
1717085160000,77602000000,18,69.20709321981123,-1401120300398000128,0.0,69.20709321981123,-1423.2655803963148,0.0,0,25,0.0,47,403577920076640,487,19.499000549316406,-29.626671392708904,0.14999,16,0.0,0.0,1575420030,,,,0,0.0,1,6.0,19.499000549316406,0.0,0.0,0.0,66.7128,C,
1717085160000,77602000000,18,69.20709321981123,-1401120300398000128,0.0,69.20709321981123,-1423.2655803963148,0.0,0,32,0.0,47,403577924186660,396,21.367000579833984,-177.52216126525548,0.14999,16,0.0,0.0,1575420030,,,,0,0.0,1,6.0,21.367000579833984,0.0,0.0,0.0,66.7128,C,
1717085160000,77602000000,18,69.20709321981123,-1401120300398000128,0.0,69.20709321981123,-1423.2655803963148,0.0,0,39,0.0,16905,403563876375565,487,19.700000762939453,-303.0380859375,0.14999,16,0.0,0.0,1561097980,,,,0,0.0,5,6.0,19.700000762939453,0.0,0.0,39.630454643418744,66.7128,I,
1717085160000,77602000000,18,69.20709321981123,-1401120300398000128,0.0,69.20709321981123,-1423.2655803963148,0.0,0,41,0.0,16905,403563925433852,396,20.200000762939453,-523.4425048828125,0.14999,16,0.0,0.0,1561097980,,,,0,0.0,5,6.0,20.200000762939453,0.0,0.0,39.630454643418744,66.7128,I,
1717085161000,78602000000,18,62.26950744597688,-1401120300398000128,0.0,62.26950744597688,-1424.2425818080098,0.0,0,31,0.0,16431,403578933520710,235,26.95199966430664,-440.56943509882603,0.14999,16,0.0,0.0,1575420030,,,,0,7.689680516458353,1,6.0,26.95199966430664,0.0,0.0,0.0,66.7128,C,
1717085161000,78602000000,18,62.26950744597688,-1401120300398000128,0.0,62.26950744597688,-1424.2425818080098,0.0,0,10,0.0,47,403578925700477,487,18.579999923706055,66.57593251485801,0.14999,16,0.0,0.0,1575420030,,,,0,0.0,1,6.0,18.579999923706055,0.0,0.0,0.0,66.7128,C,
1717085161000,78602000000,18,62.26950744597688,-1401120300398000128,0.0,62.26950744597688,-1424.2425818080098,0.0,0,16,0.0,47,403578917474958,797,13.248000144958496,-1095.2774180329081,0.14999,16,0.0,0.0,1575420030,,,,0,0.0,1,6.0,13.248000144958496,0.0,0.0,0.0,66.7128,C,
1717085161000,78602000000,18,62.26950744597688,-1401120300398000128,0.0,62.26950744597688,-1424.2425818080098,0.0,0,26,0.0,47,403578927423811,797,20.67300033569336,-945.4868429047176,0.14999,16,0.0,0.0,1575420030,,,,0,0.0,1,6.0,20.67300033569336,0.0,0.0,0.0,66.7128,C,
1717085161000,78602000000,18,62.26950744597688,-1401120300398000128,0.0,62.26950744597688,-1424.2425818080098,0.0,0,25,0.0,16905,403564925929458,797,15.199999809265137,-188.04808044433594,0.14999,16,0.0,0.0,1561097980,,,,0,0.0,5,6.0,15.199999809265137,0.0,0.0,36.51865871137616,66.7128,I,
1717085161000,78602000000,18,62.26950744597688,-1401120300398000128,0.0,62.26950744597688,-1424.2425818080098,0.0,0,32,0.0,16905,403564918493033,797,16.5,-847.5235595703125,0.14999,16,0.0,0.0,1561097980,,,,0,0.0,5,6.0,16.5,0.0,0.0,36.51865871137616,66.7128,I,
1717085161000,78602000000,18,62.26950744597688,-1401120300398000128,0.0,62.26950744597688,-1424.2425818080098,0.0,0,7,0.0,16431,403578910505512,396,21.200000762939453,-177.7916665376928,0.14999,16,0.0,0.0,1575420030,,,,0,0.9738384779944889,6,6.0,21.200000762939453,0.0,0.0,-22.481826211850702,66.7128,C,
1717085161000,78602000000,18,62.26950744597688,-1401120300398000128,0.0,62.26950744597688,-1424.2425818080098,0.0,0,15,0.0,17,123676,487,19.0,-692.9307373992327,0.14999,16,0.0,0.0,1602000000,,,,0,0.0,3,6.0,19.0,0.0,0.0,20.868993850465074,66.7128,C,
1717085161000,78602000000,18,62.26950744597688,-1401120300398000128,0.0,62.26950744597688,-1424.2425818080098,0.0,0,4,0.0,17,574435,487,19.0,-363.9963790682065,0.14999,16,0.0,0.0,1605374980,,,,0,0.0,3,6.0,19.0,0.0,0.0,20.868993850465074,66.7128,C,
1717085161000,78602000000,18,62.26950744597688,-1401120300398000128,0.0,62.26950744597688,-1424.2425818080098,0.0,0,5,0.0,17,68148,487,19.0,-739.0438250054814,0.14999,16,0.0,0.0,1602562560,,,,0,0.0,3,6.0,19.0,0.0,0.0,20.868993850465074,66.7128,C,
1717085161000,78602000000,18,62.26950744597688,-1401120300398000128,0.0,62.26950744597688,-1424.2425818080098,0.0,0,25,0.0,47,403578920076768,487,19.732999801635742,-29.905282514723503,0.14999,16,0.0,0.0,1575420030,,,,0,0.0,1,6.0,19.732999801635742,0.0,0.0,0.0,66.7128,C,
1717085161000,78602000000,18,62.26950744597688,-1401120300398000128,0.0,62.26950744597688,-1424.2425818080098,0.0,0,32,0.0,47,403578924187256,396,23.145000457763672,-177.63180312751234,0.14999,16,0.0,0.0,1575420030,,,,0,2.312774270606754,1,6.0,23.145000457763672,0.0,0.0,0.0,66.7128,C,
1717085161000,78602000000,18,62.26950744597688,-1401120300398000128,0.0,62.26950744597688,-1424.2425818080098,0.0,0,23,0.0,16905,403564925597099,487,16.700000762939453,-768.8327026367188,0.14999,16,0.0,0.0,1561097980,,,,0,0.0,5,6.0,16.700000762939453,0.0,0.0,36.51865871137616,66.7128,I,
1717085161000,78602000000,18,62.26950744597688,-1401120300398000128,0.0,62.26950744597688,-1424.2425818080098,0.0,0,39,0.0,16905,403564876376568,487,19.5,-303.12432861328125,0.14999,16,0.0,0.0,1561097980,,,,0,0.0,5,6.0,19.5,0.0,0.0,36.51865871137616,66.7128,I,
1717085161000,78602000000,18,62.26950744597688,-1401120300398000128,0.0,62.26950744597688,-1424.2425818080098,0.0,0,41,0.0,16905,403564925435627,396,22.100000381469727,-521.16259765625,0.14999,16,0.0,0.0,1561097980,,,,0,2.2528808199084374,5,6.0,22.100000381469727,0.0,0.0,36.51865871137616,66.7128,I,
1717085162000,79602000000,18,62.36911452213392,-1401120300398000128,0.0,62.36911452213392,-1434.9499856823095,0.0,0,31,0.0,16431,403579933522187,316,25.961000442504883,-443.93976090281956,0.14999,16,0.0,0.0,1575420030,,,,0,6.345681541168141,1,6.0,25.961000442504883,0.0,0.0,0.0,66.7128,C,
1717085162000,79602000000,18,62.36911452213392,-1401120300398000128,0.0,62.36911452213392,-1434.9499856823095,0.0,0,10,0.0,47,403579925700256,797,18.636999130249023,63.06200374635774,0.14999,16,0.0,0.0,1575420030,,,,0,0.0,1,6.0,18.636999130249023,0.0,0.0,0.0,66.7128,C,
1717085162000,79602000000,18,62.36911452213392,-1401120300398000128,0.0,62.36911452213392,-1434.9499856823095,0.0,0,16,0.0,47,403579917478615,1797,13.279999732971191,-1098.9892596544653,0.14999,16,0.0,0.0,1575420030,,,,0,0.0,1,6.0,13.279999732971191,0.0,0.0,0.0,66.7128,C,
1717085162000,79602000000,18,62.36911452213392,-1401120300398000128,0.0,62.36911452213392,-1434.9499856823095,0.0,0,26,0.0,47,403579927426967,396,20.707000732421875,-948.658558979411,0.14999,16,0.0,0.0,1575420030,,,,0,0.0,1,6.0,20.707000732421875,0.0,0.0,0.0,66.7128,C,
1717085162000,79602000000,18,62.36911452213392,-1401120300398000128,0.0,62.36911452213392,-1434.9499856823095,0.0,0,25,0.0,16905,403565925930088,797,14.899999618530273,-189.3487548828125,0.14999,16,0.0,0.0,1561097980,,,,0,0.0,5,6.0,14.899999618530273,0.0,0.0,36.39108978373251,66.7128,I,
1717085162000,79602000000,18,62.36911452213392,-1401120300398000128,0.0,62.36911452213392,-1434.9499856823095,0.0,0,32,0.0,16905,403565918495867,797,15.600000381469727,-851.3284912109375,0.14999,16,0.0,0.0,1561097980,,,,0,0.0,5,6.0,15.600000381469727,0.0,0.0,36.39108978373251,66.7128,I,
1717085162000,79602000000,18,62.36911452213392,-1401120300398000128,0.0,62.36911452213392,-1434.9499856823095,0.0,0,7,0.0,16431,403579910506112,487,18.100000381469727,-181.5120797370408,0.14999,16,0.0,0.0,1575420030,,,,0,0.0,6,6.0,18.100000381469727,0.0,0.0,-21.995692856058085,66.7128,C,
1717085162000,79602000000,18,62.36911452213392,-1401120300398000128,0.0,62.36911452213392,-1434.9499856823095,0.0,0,15,0.0,17,125999,487,18.0,-697.50146089606,0.14999,16,0.0,0.0,1602000000,,,,0,0.0,3,6.0,18.0,0.0,0.0,19.129342982660376,66.7128,C,
1717085162000,79602000000,18,62.36911452213392,-1401120300398000128,0.0,62.36911452213392,-1434.9499856823095,0.0,0,4,0.0,17,575653,396,21.0,-368.3902181164861,0.14999,16,0.0,0.0,1605374980,,,,0,0.0,3,6.0,21.0,0.0,0.0,19.129342982660376,66.7128,C,
1717085162000,79602000000,18,62.36911452213392,-1401120300398000128,0.0,62.36911452213392,-1434.9499856823095,0.0,0,5,0.0,17,70611,487,19.0,-741.3681416779577,0.14999,16,0.0,0.0,1602562560,,,,0,0.0,3,6.0,19.0,0.0,0.0,19.129342982660376,66.7128,C,
1717085162000,79602000000,18,62.36911452213392,-1401120300398000128,0.0,62.36911452213392,-1434.9499856823095,0.0,0,25,0.0,47,403579920076893,487,20.375,-33.63096874431141,0.14999,16,0.0,0.0,1575420030,,,,0,0.0,1,6.0,20.375,0.0,0.0,0.0,66.7128,C,
1717085162000,79602000000,18,62.36911452213392,-1401120300398000128,0.0,62.36911452213392,-1434.9499856823095,0.0,0,32,0.0,47,403579924187857,316,24.231000900268555,-181.00840081769425,0.14999,16,0.0,0.0,1575420030,,,,0,3.905794421937769,1,6.0,24.231000900268555,0.0,0.0,0.0,66.7128,C,
1717085162000,79602000000,18,62.36911452213392,-1401120300398000128,0.0,62.36911452213392,-1434.9499856823095,0.0,0,23,0.0,16905,403565925599672,487,19.200000762939453,-774.584228515625,0.14999,16,0.0,0.0,1561097980,,,,0,0.0,5,6.0,19.200000762939453,0.0,0.0,36.39108978373251,66.7128,I,
1717085162000,79602000000,18,62.36911452213392,-1401120300398000128,0.0,62.36911452213392,-1434.9499856823095,0.0,0,39,0.0,16905,403565876377582,487,19.5,-307.1570739746094,0.14999,16,0.0,0.0,1561097980,,,,0,0.0,5,6.0,19.5,0.0,0.0,36.39108978373251,66.7128,I,
1717085162000,79602000000,18,62.36911452213392,-1401120300398000128,0.0,62.36911452213392,-1434.9499856823095,0.0,0,41,0.0,16905,403565925437376,487,23.0,-528.145263671875,0.14999,16,0.0,0.0,1561097980,,,,0,3.4654231021606616,5,6.0,23.0,0.0,0.0,36.39108978373251,66.7128,I,
1717085163000,80602000000,18,61.11758749319908,-1401120300398000128,0.0,61.11758749319908,-1440.442799190311,0.0,0,31,0.0,16431,403580933523670,235,27.586000442504883,-444.5063212885071,0.14999,16,0.0,0.0,1575420030,,,,0,8.50095281534179,1,6.0,27.586000442504883,0.0,0.0,0.0,66.7128,C,
1717085163000,80602000000,18,61.11758749319908,-1401120300398000128,0.0,61.11758749319908,-1440.442799190311,0.0,0,10,0.0,47,403580925700033,487,18.614999771118164,61.95559656430377,0.14999,16,0.0,0.0,1575420030,,,,0,0.0,1,6.0,18.614999771118164,0.0,0.0,0.0,66.7128,C,
1717085163000,80602000000,18,61.11758749319908,-1401120300398000128,0.0,61.11758749319908,-1440.442799190311,0.0,0,16,0.0,47,403580917482279,1837,13.310999870300293,-1096.67637386184,0.14999,16,0.0,0.0,1575420030,,,,0,0.0,1,6.0,13.310999870300293,0.0,0.0,0.0,66.7128,C,
1717085163000,80602000000,18,61.11758749319908,-1401120300398000128,0.0,61.11758749319908,-1440.442799190311,0.0,0,26,0.0,47,403580927430139,396,20.799999237060547,-950.8744395989888,0.14999,16,0.0,0.0,1575420030,,,,0,1.4226558589593938,1,6.0,20.799999237060547,0.0,0.0,0.0,66.7128,C,
1717085163000,80602000000,18,61.11758749319908,-1401120300398000128,0.0,61.11758749319908,-1440.442799190311,0.0,0,25,0.0,16905,403566925930727,797,14.899999618530273,-192.0487518310547,0.14999,16,0.0,0.0,1561097980,,,,0,0.0,5,6.0,14.899999618530273,0.0,0.0,38.0481672589692,66.7128,I,
1717085163000,80602000000,18,61.11758749319908,-1401120300398000128,0.0,61.11758749319908,-1440.442799190311,0.0,0,32,0.0,16905,403566918498705,797,15.675000190734863,-853.232177734375,0.14999,16,0.0,0.0,1561097980,,,,0,0.0,5,6.0,15.675000190734863,0.0,0.0,38.0481672589692,66.7128,I,
1717085163000,80602000000,18,61.11758749319908,-1401120300398000128,0.0,61.11758749319908,-1440.442799190311,0.0,0,7,0.0,16431,403580910506720,487,20.0,-183.20291056581524,0.14999,16,0.0,0.0,1575420030,,,,0,0.0,6,6.0,20.0,0.0,0.0,-22.027901595206085,66.7128,C,
1717085163000,80602000000,18,61.11758749319908,-1401120300398000128,0.0,61.11758749319908,-1440.442799190311,0.0,0,15,0.0,17,128325,487,19.0,-699.2270811441051,0.14999,16,0.0,0.0,1602000000,,,,0,0.0,3,6.0,19.0,0.0,0.0,16.504433137621106,66.7128,C,
1717085163000,80602000000,18,61.11758749319908,-1401120300398000128,0.0,61.11758749319908,-1440.442799190311,0.0,0,4,0.0,17,576879,396,23.0,-368.5857374345444,0.14999,16,0.0,0.0,1605374980,,,,0,4.1425098559130005,3,6.0,23.0,0.0,0.0,16.504433137621106,66.7128,C,
1717085163000,80602000000,18,61.11758749319908,-1401120300398000128,0.0,61.11758749319908,-1440.442799190311,0.0,0,5,0.0,17,73078,487,20.0,-743.8658732369663,0.14999,16,0.0,0.0,1602562560,,,,0,0.0,3,6.0,20.0,0.0,0.0,16.504433137621106,66.7128,C,
1717085163000,80602000000,18,61.11758749319908,-1401120300398000128,0.0,61.11758749319908,-1440.442799190311,0.0,0,25,0.0,47,403580920077007,487,20.375,-35.04544168425746,0.14999,16,0.0,0.0,1575420030,,,,0,0.0,1,6.0,20.375,0.0,0.0,0.0,66.7128,C,
1717085163000,80602000000,18,61.11758749319908,-1401120300398000128,0.0,61.11758749319908,-1440.442799190311,0.0,0,32,0.0,47,403580924188463,316,24.250999450683594,-180.76405277763493,0.14999,16,0.0,0.0,1575420030,,,,0,4.495663659108114,1,6.0,24.250999450683594,0.0,0.0,0.0,66.7128,C,
1717085163000,80602000000,18,61.11758749319908,-1401120300398000128,0.0,61.11758749319908,-1440.442799190311,0.0,0,23,0.0,16905,403566925602234,396,20.899999618530273,-773.03125,0.14999,16,0.0,0.0,1561097980,,,,0,0.5315378894192986,5,6.0,20.899999618530273,0.0,0.0,38.0481672589692,66.7128,I,
1717085163000,80602000000,18,61.11758749319908,-1401120300398000128,0.0,61.11758749319908,-1440.442799190311,0.0,0,39,0.0,16905,403566876378612,797,17.899999618530273,-309.5145263671875,0.14999,16,0.0,0.0,1561097980,,,,0,0.0,5,6.0,17.899999618530273,0.0,0.0,38.0481672589692,66.7128,I,
1717085163000,80602000000,18,61.11758749319908,-1401120300398000128,0.0,61.11758749319908,-1440.442799190311,0.0,0,41,0.0,16905,403566925439133,797,17.600000381469727,-526.426513671875,0.14999,16,0.0,0.0,1561097980,,,,0,0.0,5,6.0,17.600000381469727,0.0,0.0,38.0481672589692,66.7128,I,
1717085164000,81602000000,18,60.7087633044089,-1401120300398000128,0.0,60.7087633044089,-1444.7198349670898,0.0,0,31,0.0,16431,403581933525156,235,27.466999053955078,-446.1134572804782,0.14999,16,0.0,0.0,1575420030,,,,0,8.361529442374186,1,6.0,27.466999053955078,0.0,0.0,0.0,66.7128,C,
1717085164000,81602000000,18,60.7087633044089,-1401120300398000128,0.0,60.7087633044089,-1444.7198349670898,0.0,0,10,0.0,47,403581925699813,487,18.618000030517578,61.286316620374755,0.14999,16,0.0,0.0,1575420030,,,,0,0.0,1,6.0,18.618000030517578,0.0,0.0,0.0,66.7128,C,
1717085164000,81602000000,18,60.7087633044089,-1401120300398000128,0.0,60.7087633044089,-1444.7198349670898,0.0,0,26,0.0,47,403581927433318,396,20.88800048828125,-952.1117201395078,0.14999,16,0.0,0.0,1575420030,,,,0,1.4226558589593938,1,6.0,20.88800048828125,0.0,0.0,0.0,66.7128,C,
1717085164000,81602000000,18,60.7087633044089,-1401120300398000128,0.0,60.7087633044089,-1444.7198349670898,0.0,0,25,0.0,16905,403567925931368,797,14.899999618530273,-193.0858154296875,0.14999,16,0.0,0.0,1561097980,,,,0,0.0,5,6.0,14.899999618530273,0.0,0.0,38.30983378075281,66.7128,I,
1717085164000,81602000000,18,60.7087633044089,-1401120300398000128,0.0,60.7087633044089,-1444.7198349670898,0.0,0,32,0.0,16905,403567918501557,797,15.75100040435791,-854.7443237304688,0.14999,16,0.0,0.0,1561097980,,,,0,0.0,5,6.0,15.75100040435791,0.0,0.0,38.30983378075281,66.7128,I,
1717085164000,81602000000,18,60.7087633044089,-1401120300398000128,0.0,60.7087633044089,-1444.7198349670898,0.0,0,7,0.0,16431,403581910507334,487,19.700000762939453,-183.45034809055258,0.14999,16,0.0,0.0,1575420030,,,,0,0.0,6,6.0,19.700000762939453,0.0,0.0,-24.223049880572685,66.7128,C,
1717085164000,81602000000,18,60.7087633044089,-1401120300398000128,0.0,60.7087633044089,-1444.7198349670898,0.0,0,15,0.0,17,130658,487,20.0,-700.3106080120596,0.14999,16,0.0,0.0,1602000000,,,,0,0.0,3,6.0,20.0,0.0,0.0,15.115024882506416,66.7128,C,
1717085164000,81602000000,18,60.7087633044089,-1401120300398000128,0.0,60.7087633044089,-1444.7198349670898,0.0,0,4,0.0,17,578109,396,23.0,-369.51662549239995,0.14999,16,0.0,0.0,1605374980,,,,0,2.3159071433686043,3,6.0,23.0,0.0,0.0,15.115024882506416,66.7128,C,
1717085164000,81602000000,18,60.7087633044089,-1401120300398000128,0.0,60.7087633044089,-1444.7198349670898,0.0,0,5,0.0,17,75551,487,19.0,-743.1708435442495,0.14999,16,0.0,0.0,1602562560,,,,0,0.0,3,6.0,19.0,0.0,0.0,15.115024882506416,66.7128,C,
1717085164000,81602000000,18,60.7087633044089,-1401120300398000128,0.0,60.7087633044089,-1444.7198349670898,0.0,0,25,0.0,47,403581920077125,797,20.375,-35.414228592136716,0.14999,16,0.0,0.0,1575420030,,,,0,0.0,1,6.0,20.375,0.0,0.0,0.0,66.7128,C,
1717085164000,81602000000,18,60.7087633044089,-1401120300398000128,0.0,60.7087633044089,-1444.7198349670898,0.0,0,32,0.0,47,403581924189072,396,24.21500015258789,-182.252231994899,0.14999,16,0.0,0.0,1575420030,,,,0,2.9120387381556183,1,6.0,24.21500015258789,0.0,0.0,0.0,66.7128,C,
1717085164000,81602000000,18,60.7087633044089,-1401120300398000128,0.0,60.7087633044089,-1444.7198349670898,0.0,0,23,0.0,16905,403567925604816,487,20.200000762939453,-775.173583984375,0.14999,16,0.0,0.0,1561097980,,,,0,0.0,5,6.0,20.200000762939453,0.0,0.0,38.30983378075281,66.7128,I,
1717085164000,81602000000,18,60.7087633044089,-1401120300398000128,0.0,60.7087633044089,-1444.7198349670898,0.0,0,39,0.0,16905,403567876379653,797,17.864999771118164,-308.1150207519531,0.14999,16,0.0,0.0,1561097980,,,,0,0.0,5,6.0,17.864999771118164,0.0,0.0,38.30983378075281,66.7128,I,
1717085164000,81602000000,18,60.7087633044089,-1401120300398000128,0.0,60.7087633044089,-1444.7198349670898,0.0,0,41,0.0,16905,403567925440884,797,17.600000381469727,-525.6499633789062,0.14999,16,0.0,0.0,1561097980,,,,0,0.0,5,6.0,17.600000381469727,0.0,0.0,38.30983378075281,66.7128,I,
1717085165000,82602000000,18,60.17348342797836,-1401120300398000128,0.0,60.17348342797836,-1443.5482576722113,0.0,0,31,0.0,16431,403582933526641,235,28.024999618530273,-445.090396497106,0.14999,16,0.0,0.0,1575420030,,,,0,9.089145401674374,1,6.0,28.024999618530273,0.0,0.0,0.0,66.7128,C,
1717085165000,82602000000,18,60.17348342797836,-1401120300398000128,0.0,60.17348342797836,-1443.5482576722113,0.0,0,10,0.0,47,403582925699609,797,18.586000442504883,60.882964650834865,0.14999,16,0.0,0.0,1575420030,,,,0,0.0,1,6.0,18.586000442504883,0.0,0.0,0.0,66.7128,C,
1717085165000,82602000000,18,60.17348342797836,-1401120300398000128,0.0,60.17348342797836,-1443.5482576722113,0.0,0,26,0.0,47,403582927436491,396,24.04800033569336,-951.0844316402605,0.14999,16,0.0,0.0,1575420030,,,,0,3.6678099559436133,1,6.0,24.04800033569336,0.0,0.0,0.0,66.7128,C,
1717085165000,82602000000,18,60.17348342797836,-1401120300398000128,0.0,60.17348342797836,-1443.5482576722113,0.0,0,25,0.0,16905,403568925932014,797,14.885000228881836,-191.6623992919922,0.14999,16,0.0,0.0,1561097980,,,,0,0.0,5,6.0,14.885000228881836,0.0,0.0,38.64232562036918,66.7128,I,
1717085165000,82602000000,18,60.17348342797836,-1401120300398000128,0.0,60.17348342797836,-1443.5482576722113,0.0,0,32,0.0,16905,403568918504407,797,15.822999954223633,-853.6588745117188,0.14999,16,0.0,0.0,1561097980,,,,0,0.0,5,6.0,15.822999954223633,0.0,0.0,38.64232562036918,66.7128,I,
1717085165000,82602000000,18,60.17348342797836,-1401120300398000128,0.0,60.17348342797836,-1443.5482576722113,0.0,0,7,0.0,16431,403582910507946,487,19.5,-183.60616961852273,0.14999,16,0.0,0.0,1575420030,,,,0,0.0,6,6.0,19.5,0.0,0.0,-24.585814421201686,66.7128,C,
1717085165000,82602000000,18,60.17348342797836,-1401120300398000128,0.0,60.17348342797836,-1443.5482576722113,0.0,0,15,0.0,17,133000,487,20.0,-700.4937238699935,0.14999,16,0.0,0.0,1602000000,,,,0,0.0,3,6.0,20.0,0.0,0.0,13.692666651310786,66.7128,C,
1717085165000,82602000000,18,60.17348342797836,-1401120300398000128,0.0,60.17348342797836,-1443.5482576722113,0.0,0,4,0.0,17,579339,396,23.0,-369.16117105302925,0.14999,16,0.0,0.0,1605374980,,,,0,2.483469195803753,3,6.0,23.0,0.0,0.0,13.692666651310786,66.7128,C,
1717085165000,82602000000,18,60.17348342797836,-1401120300398000128,0.0,60.17348342797836,-1443.5482576722113,0.0,0,5,0.0,17,78018,487,20.0,-742.1187079790558,0.14999,16,0.0,0.0,1602562560,,,,0,0.0,3,6.0,20.0,0.0,0.0,13.692666651310786,66.7128,C,
1717085165000,82602000000,18,60.17348342797836,-1401120300398000128,0.0,60.17348342797836,-1443.5482576722113,0.0,0,25,0.0,47,403582920077242,797,18.347999572753906,-34.79219685749381,0.14999,16,0.0,0.0,1575420030,,,,0,0.0,1,6.0,18.347999572753906,0.0,0.0,0.0,66.7128,C,
1717085165000,82602000000,18,60.17348342797836,-1401120300398000128,0.0,60.17348342797836,-1443.5482576722113,0.0,0,32,0.0,47,403582924189681,396,24.15399932861328,-183.211900269352,0.14999,16,0.0,0.0,1575420030,,,,0,2.084185034991117,1,6.0,24.15399932861328,0.0,0.0,0.0,66.7128,C,
1717085165000,82602000000,18,60.17348342797836,-1401120300398000128,0.0,60.17348342797836,-1443.5482576722113,0.0,0,23,0.0,16905,403568925607401,396,20.219999313354492,-773.6717529296875,0.14999,16,0.0,0.0,1561097980,,,,0,0.16545051931979715,5,6.0,20.219999313354492,0.0,0.0,38.64232562036918,66.7128,I,
1717085165000,82602000000,18,60.17348342797836,-1401120300398000128,0.0,60.17348342797836,-1443.5482576722113,0.0,0,39,0.0,16905,403568876380679,797,17.83099937438965,-307.06097412109375,0.14999,16,0.0,0.0,1561097980,,,,0,0.0,5,6.0,17.83099937438965,0.0,0.0,38.64232562036918,66.7128,I,
1717085165000,82602000000,18,60.17348342797836,-1401120300398000128,0.0,60.17348342797836,-1443.5482576722113,0.0,0,41,0.0,16905,403568925442646,797,17.600000381469727,-528.4559936523438,0.14999,16,0.0,0.0,1561097980,,,,0,0.0,5,6.0,17.600000381469727,0.0,0.0,38.64232562036918,66.7128,I,
